POS	Accuracy
SJJ	0.415071770335
SVB	0.608536585366
SRB	0.641025641026
Overall Accuracy	0.876607908528
-MISC-	0.961591695502
SNN	0.981188863807
