POS	Accuracy
NNPS	0.027027027027
VBN	0.344537815126
NNP	0.407224958949
JJ	0.408860759494
VB	0.464285714286
RP	0.594594594595
VBD	0.636150234742
VBP	0.674556213018
RB	0.693009118541
IN	0.939710610932
NN	0.961177207264
