POS	Accuracy
SJJ	0.415071770335
SVB	0.616463414634
SRB	0.683760683761
Overall Accuracy	0.878910592346
-MISC-	0.960380622837
SNN	0.983195385001
